solver,success,converged,final_cost,iterations,time,bounds_satisfied,final_gradient_norm,problem,nvars,nresiduals,dist_x0,initial_objective,improvement
LM-QRChol,true,false,9.63200376701583e-15,6,6.5417e-5,true,5.347337682897328e-7,NZF1,13,5,19.667764608503795,4956.907414728962,4956.907414728962
LM-QR,true,false,9.632003823770188e-15,6,0.00012175,true,5.347337660410613e-7,NZF1,13,5,19.667764608503795,4956.907414728962,4956.907414728962
LM-QRChol-scaled,true,false,3.2374860815112405e-14,6,5.516600000000001e-5,true,1.137098738489887e-6,NZF1,13,5,23.437984563524875,4956.907414728962,4956.907414728962
LM-QR-scaled,true,false,3.237486077498089e-14,6,0.000110834,true,1.1370987379935991e-6,NZF1,13,5,23.43798456352487,4956.907414728962,4956.907414728962
LM-QRChol,true,true,0.0,24,6.4041e-5,true,0.0,mgh01,2,2,2.2,12.099999999999998,12.099999999999998
LM-QR,true,true,0.0,24,0.00011650000000000001,true,0.0,mgh01,2,2,2.2,12.099999999999998,12.099999999999998
LM-QRChol-scaled,true,true,0.0,12,3.3167e-5,true,0.0,mgh01,2,2,2.2,12.099999999999998,12.099999999999998
LM-QR-scaled,true,true,0.0,12,5.7541000000000004e-5,true,0.0,mgh01,2,2,2.2,12.099999999999998,12.099999999999998
LM-QRChol,true,false,24.492126842332194,24,6.9125e-5,true,0.0012707874322957318,mgh02,2,2,10.96846666736158,200.25,175.7578731576678
LM-QR,true,false,24.49212684233219,24,0.00012350000000000002,true,0.0012707874322939647,mgh02,2,2,10.968466667361595,200.25,175.7578731576678
LM-QRChol-scaled,true,false,24.492126840299388,21,5.7792000000000005e-5,true,0.0006990946057796276,mgh02,2,2,10.968373214353097,200.25,175.7578731597006
LM-QR-scaled,true,false,24.492126840299388,21,0.000101,true,0.0006990946058168043,mgh02,2,2,10.96837321435309,200.25,175.7578731597006
LM-QRChol,true,false,9.529472910846277e-9,22,5.55e-5,true,4.716551713089083,mgh03,2,2,7.34351263555632,0.5676308586741892,0.5676308491447163
LM-QR,true,false,9.529472910828e-9,22,8.8083e-5,true,4.716551713145697,mgh03,2,2,7.3435126355581515,0.5676308586741892,0.5676308491447163
LM-QRChol-scaled,true,false,8.748229249304236e-9,45,0.00012,true,4.030326937288282,mgh03,2,2,7.355356480463254,0.5676308586741892,0.5676308499259599
LM-QR-scaled,true,false,8.748229249265605e-9,45,0.00020187500000000001,true,4.030326937317045,mgh03,2,2,7.355356480465188,0.5676308586741892,0.5676308499259599
LM-QRChol,true,false,4.914835021089029e-21,21,5.2958000000000004e-5,true,9.914469245596503e-5,mgh04,2,3,999999.0000005,4.999990000015e11,4.999990000015e11
LM-QR,true,false,4.57689754531826e-21,21,7.645900000000001e-5,true,9.567546754861287e-5,mgh04,2,3,999999.0000005,4.999990000015e11,4.999990000015e11
LM-QRChol-scaled,true,false,2.4833180292336717e-22,21,5.5625000000000004e-5,true,2.2285950862532904e-5,mgh04,2,3,999999.0000005,4.999990000015e11,4.999990000015e11
LM-QR-scaled,true,false,1.7703040970818052e-22,21,8.1375e-5,true,1.881650391057582e-5,mgh04,2,3,999999.0000005,4.999990000015e11,4.999990000015e11
LM-QRChol,true,false,1.3745310729815569e-15,7,1.9792e-5,true,2.5419197458036447e-7,mgh05,2,3,2.061552783939397,7.1015625,7.101562499999998
LM-QR,true,false,1.3745310729815569e-15,7,2.5375e-5,true,2.5419197458036447e-7,mgh05,2,3,2.061552783939397,7.1015625,7.101562499999998
LM-QRChol-scaled,true,false,5.689284056662997e-9,6,1.6709000000000002e-5,true,0.00045719895153305176,mgh05,2,3,2.0614224907120513,7.1015625,7.101562494310716
LM-QR-scaled,true,false,5.68928405666817e-9,6,1.9833e-5,true,0.0004571989515337217,mgh05,2,3,2.061422490712051,7.1015625,7.101562494310716
LM-QRChol,true,false,62.1810912169552,19,9.687500000000001e-5,true,0.013249470795016286,mgh06,2,10,0.14829547119317738,2085.653080980246,2023.471989763291
LM-QR,true,false,62.18109121695518,19,0.00014816700000000002,true,0.013249470799273376,mgh06,2,10,0.14829547119317651,2085.653080980246,2023.471989763291
LM-QRChol-scaled,true,false,62.18109120729545,24,0.000123208,true,0.01806293121074793,mgh06,2,10,0.14829608900550015,2085.653080980246,2023.4719897729508
LM-QR-scaled,true,false,62.18109120729547,24,0.00018916600000000002,true,0.018062931208889167,mgh06,2,10,0.14829608900549976,2085.653080980246,2023.4719897729508
LM-QRChol,true,false,1.0168003716323444e-18,15,5.3709000000000004e-5,true,2.147829037799465e-8,mgh07,3,3,2.0000000001007585,1250.0,1250.0
LM-QR,true,false,1.0168003716646917e-18,15,0.00010312500000000001,true,2.1478290378528243e-8,mgh07,3,3,2.0000000001007585,1250.0,1250.0
LM-QRChol-scaled,true,false,9.227970049486366e-12,11,4.1416000000000005e-5,true,6.18000327307606e-5,mgh07,3,3,2.0000003265620383,1250.0,1249.9999999999907
LM-QR-scaled,true,false,9.22797004948513e-12,11,7.8958e-5,true,6.180003273075414e-5,mgh07,3,3,2.0000003265620383,1250.0,1249.9999999999907
LM-QRChol,true,true,0.004107438653290612,5,2.9250000000000003e-5,true,3.0358990804343524e-9,mgh08,3,15,1.6325392442039472,20.840847930839004,20.836740492185715
LM-QR,true,true,0.004107438653290612,5,2.8000000000000003e-5,true,3.0358990804343524e-9,mgh08,3,15,1.6325392442039472,20.840847930839004,20.836740492185715
LM-QRChol-scaled,true,true,0.004107438653290612,5,2.9833e-5,true,3.0358990804343524e-9,mgh08,3,15,1.6325392442039472,20.840847930839004,20.836740492185715
LM-QR-scaled,true,true,0.004107438653290612,5,2.8625e-5,true,3.0358990804343524e-9,mgh08,3,15,1.6325392442039472,20.840847930839004,20.836740492185715
LM-QRChol,true,false,5.639663968820656e-9,1,1.0729e-5,true,1.8367932221588528e-8,mgh09,3,15,0.0010440354224466623,1.9440534955834423e-6,1.9384138316146217e-6
LM-QR,true,false,5.639663968820656e-9,1,1.0479e-5,true,1.8367932221588528e-8,mgh09,3,15,0.0010440354224466623,1.9440534955834423e-6,1.9384138316146217e-6
LM-QRChol-scaled,true,false,5.639663968820656e-9,1,1.0708000000000001e-5,true,1.8367932221588528e-8,mgh09,3,15,0.0010440354224466623,1.9440534955834423e-6,1.9384138316146217e-6
LM-QR-scaled,true,false,5.639663968820656e-9,1,1.0542e-5,true,1.8367932221588528e-8,mgh09,3,15,0.0010440354224466623,1.9440534955834423e-6,1.9384138316146217e-6
LM-QRChol,true,false,43.97292758515711,158,0.001011042,true,0.0008425153979049123,mgh10,3,16,2183.423784622513,8.468039047180728e8,8.468038607451452e8
LM-QR,true,false,43.972927585237606,160,0.0015113750000000001,true,0.007957759936083783,mgh10,3,16,2183.4237845625976,8.468039047180728e8,8.468038607451452e8
LM-QRChol-scaled,true,false,43.972927585230714,209,0.001384542,true,0.0004237927595821599,mgh10,3,16,2183.423784622591,8.468039047180728e8,8.468038607451452e8
LM-QR-scaled,true,false,43.97292758512898,211,0.0020648750000000003,true,0.00010914821442794116,mgh10,3,16,2183.4237844539325,8.468039047180728e8,8.468038607451452e8
LM-QRChol,true,false,0.40343527840904814,102,0.004446333,true,7.007279191403106e7,mgh11,3,100,5.550888941593022,8.22642984886652,7.822994570457472
LM-QR,true,false,0.403435278409048,102,0.005003333,true,7.007279225004742e7,mgh11,3,100,5.550888941592811,8.22642984886652,7.822994570457472
LM-QRChol-scaled,true,false,0.4034352781546742,83,0.00355075,true,0.3020867936010615,mgh11,3,100,6.064880992798702,8.22642984886652,7.822994570711845
LM-QR-scaled,true,false,0.4034352781546743,83,0.0040895,true,0.30208679349466383,mgh11,3,100,6.0648809927987,8.22642984886652,7.822994570711845
LM-QRChol,true,false,1.0455063464716037e-10,4,2.9625000000000002e-5,true,2.0764277767893284e-5,mgh12,3,10,19.026284634271928,515.5769053046992,515.5769053045946
LM-QR,true,false,1.0455063464716037e-10,4,2.875e-5,true,2.0764277767893284e-5,mgh12,3,10,19.026284634271928,515.5769053046992,515.5769053045946
LM-QRChol-scaled,true,false,1.0455063464716037e-10,4,3.0041000000000003e-5,true,2.0764277767893284e-5,mgh12,3,10,19.026284634271928,515.5769053046992,515.5769053045946
LM-QR-scaled,true,false,1.0455063464716037e-10,4,2.9333000000000002e-5,true,2.0764277767893284e-5,mgh12,3,10,19.026284634271928,515.5769053046992,515.5769053045946
LM-QRChol,true,false,3.841705620288847e-9,8,2.2375000000000002e-5,true,2.7105371954210686e-6,mgh13,4,4,3.30748422732218,43.5,43.499999996158294
LM-QR,true,false,3.841705620288847e-9,8,2.05e-5,true,2.7105371954210686e-6,mgh13,4,4,3.30748422732218,43.5,43.499999996158294
LM-QRChol-scaled,true,false,3.841705620288847e-9,8,2.2958000000000003e-5,true,2.7105371954210686e-6,mgh13,4,4,3.30748422732218,43.5,43.499999996158294
LM-QR-scaled,true,false,3.841705620288847e-9,8,2.1166e-5,true,2.7105371954210686e-6,mgh13,4,4,3.30748422732218,43.5,43.499999996158294
LM-QRChol,true,false,4.658047266498334e-16,70,0.00023875,true,6.511809811679188e-7,mgh14,4,6,6.324555321555102,9596.0,9596.0
LM-QR,true,false,4.658047574225508e-16,70,0.00038941700000000003,true,6.511810024803032e-7,mgh14,4,6,6.324555321555102,9596.0,9596.0
LM-QRChol-scaled,true,false,1.4425830212796084e-18,65,0.00021879100000000003,true,3.667345877550524e-8,mgh14,4,6,6.324555320411542,9596.0,9596.0
LM-QR-scaled,true,false,1.442582462744653e-18,65,0.00032450000000000003,true,3.66734523989385e-8,mgh14,4,6,6.324555320411542,9596.0,9596.0
LM-QRChol,true,false,0.0001537528028989595,19,0.000115625,true,1.3080697585902045e-7,mgh15,4,11,0.4386928760680501,0.0026565861360542697,0.00250283333315531
LM-QR,true,false,0.0001537528028989603,19,0.000139958,true,1.3080697588163838e-7,mgh15,4,11,0.4386928760680503,0.0026565861360542697,0.002502833333155309
LM-QRChol-scaled,true,false,0.00015375280258624622,20,0.000119,true,1.0695215419420094e-7,mgh15,4,11,0.43874207148151895,0.0026565861360542697,0.0025028333334680235
LM-QR-scaled,true,false,0.0001537528025862466,20,0.00013387500000000002,true,1.0695215419460855e-7,mgh15,4,11,0.43874207148151834,0.0026565861360542697,0.002502833333468023
LM-QRChol,true,false,42911.100828156916,27,0.00030658300000000003,true,0.25023291666109776,mgh16,4,20,37.80357889504853,3.963346668498716e6,3.920435567670559e6
LM-QR,true,false,42911.10082815693,27,0.000513375,true,0.2502329166675863,mgh16,4,20,37.80357889504853,3.963346668498716e6,3.920435567670559e6
LM-QRChol-scaled,true,false,42911.10308108876,151,0.001767291,true,2.7303701292293177,mgh16,4,20,37.80170928310573,3.963346668498716e6,3.920435565417627e6
LM-QR-scaled,true,false,42911.10308108876,151,0.002559542,true,2.7303701292340037,mgh16,4,20,37.80170928310573,3.963346668498716e6,3.920435565417627e6
LM-QRChol,true,true,2.7324473487413453e-5,25,0.00038062500000000005,true,6.366989498294084e-10,mgh17,5,33,0.6491779484474083,0.43951314677232023,0.4394858222988328
LM-QR,true,true,2.732447348741447e-5,25,0.000527666,true,6.366489936261965e-10,mgh17,5,33,0.6491779484473577,0.43951314677232023,0.4394858222988328
LM-QRChol-scaled,true,false,2.7324473487416926e-5,19,0.00029400000000000004,true,1.7357379481851338e-8,mgh17,5,33,0.6491775071132692,0.43951314677232023,0.4394858222988328
LM-QR-scaled,true,false,2.7324473487415736e-5,19,0.00039804200000000004,true,1.7357311275386876e-8,mgh17,5,33,0.6491775071132506,0.43951314677232023,0.4394858222988328
LM-QRChol,true,false,4.599333296440276e-9,62,0.000727041,true,0.00018208003403928888,mgh18,6,13,9.6443801544201,0.3895350378279851,0.3895350332286518
LM-QR,true,false,7.821181480917945e-9,64,0.001564,true,4.583893615212151e-5,mgh18,6,13,9.6468782952841,0.3895350378279851,0.3895350300068036
LM-QRChol-scaled,true,false,3.698347045568918e-15,43,0.0005161660000000001,true,1.9690085192229051e-7,mgh18,6,13,9.643650722988154,0.3895350378279851,0.3895350378279814
LM-QR-scaled,true,false,3.705903007157844e-15,43,0.0011128750000000001,true,1.9710161352654942e-7,mgh18,6,13,9.643650722949134,0.3895350378279851,0.3895350378279814
LM-QRChol,true,false,0.020084300255900824,19,0.001193917,true,8.95303577554616e-7,mgh19,11,65,5.2014194048635805,15.563463228651605,15.543378928395704
LM-QR,true,false,0.020084300255900824,19,0.0017982920000000002,true,8.953035777037931e-7,mgh19,11,65,5.201419404863581,15.563463228651605,15.543378928395704
LM-QRChol-scaled,true,false,0.02008430025680468,19,0.001242,true,8.118694390052983e-7,mgh19,11,65,5.201416086056255,15.563463228651605,15.5433789283948
LM-QR-scaled,true,false,0.020084300256804685,19,0.001898125,true,8.118694464914669e-7,mgh19,11,65,5.201416086056255,15.563463228651605,15.5433789283948
LM-QRChol,true,false,0.0011438350267862828,7,0.000304,true,1.0376515474415912e-7,mgh20,6,31,2.438373677066755,15.0,14.998856164973214
LM-QR,true,false,0.0011438350267862828,7,0.00030075,true,1.0376515474415912e-7,mgh20,6,31,2.438373677066755,15.0,14.998856164973214
LM-QRChol-scaled,true,false,0.0011438350268224702,10,0.00043887500000000003,true,2.2256953743289615e-7,mgh20,6,31,2.4383756195722412,15.0,14.998856164973178
LM-QR-scaled,true,false,0.0011438350268225279,10,0.000523958,true,2.225695421133998e-7,mgh20,6,31,2.4383756195722404,15.0,14.998856164973178
LM-QRChol,true,true,0.0,24,0.00042050000000000003,true,0.0,mgh21,20,20,6.957010852370435,120.99999999999997,120.99999999999997
LM-QR,true,true,0.0,24,0.001570792,true,0.0,mgh21,20,20,6.957010852370435,120.99999999999997,120.99999999999997
LM-QRChol-scaled,true,true,0.0,12,0.000227917,true,0.0,mgh21,20,20,6.957010852370435,120.99999999999997,120.99999999999997
LM-QR-scaled,true,true,0.0,12,0.0007513750000000001,true,0.0,mgh21,20,20,6.957010852370435,120.99999999999997,120.99999999999997
LM-QRChol,true,false,4.0822024959561057e-10,10,0.000144458,true,9.611130626469134e-6,mgh22,20,20,7.545967056127416,537.5,537.4999999995918
LM-QR,true,false,4.0822024959346295e-10,10,0.00017895900000000002,true,9.611130626358873e-6,mgh22,20,20,7.54596705612741,537.5,537.4999999995918
LM-QRChol-scaled,true,false,7.181420318216103e-9,9,0.000143375,true,6.04228794082742e-5,mgh22,20,20,7.53674884939092,537.5,537.4999999928186
LM-QR-scaled,true,false,7.181420318113124e-9,9,0.00023775,true,6.0422879407009546e-5,mgh22,20,20,7.536748849390921,537.5,537.4999999928186
LM-QRChol,true,true,1.1249887506752221e-5,18,5.6083000000000005e-5,true,4.248034900426659e-10,mgh23,4,5,5.024919655808184,442.53132,442.5313087501125
LM-QR,true,true,1.1249887506752223e-5,18,0.000100958,true,4.2480348954767004e-10,mgh23,4,5,5.024919655808189,442.53132,442.5313087501125
LM-QRChol-scaled,true,false,1.124988760144011e-5,27,0.000110958,true,1.8338251973958663e-8,mgh23,4,5,5.024942026120246,442.53132,442.5313087501124
LM-QR-scaled,true,false,1.1249887601440111e-5,27,0.000263917,true,1.833825208569483e-8,mgh23,4,5,5.024942026120239,442.53132,442.5313087501124
LM-QRChol,true,true,1.728410781859913e-6,87,0.00046437500000000005,true,7.704938921115144e-9,mgh24,4,8,0.48160948041680895,1.1700016711166643,1.1699999427058825
LM-QR,true,true,1.7284107818599147e-6,87,0.0009048330000000001,true,7.704938280975558e-9,mgh24,4,8,0.481609480418715,1.1700016711166643,1.1699999427058825
LM-QRChol-scaled,true,true,1.7284107818805239e-6,170,0.0009236250000000001,true,7.119205158858899e-9,mgh24,4,8,0.4816072355439611,1.1700016711166643,1.1699999427058825
LM-QR-scaled,true,true,1.7284107818805232e-6,170,0.0017403750000000002,true,7.119205158205351e-9,mgh24,4,8,0.48160723554565005,1.1700016711166643,1.1699999427058825
LM-QRChol,true,false,7.95967472116312e-16,9,5.7083e-5,true,7.838921408419629e-7,mgh25,10,12,1.9621416850040496,1.09927558125e6,1.09927558125e6
LM-QR,true,false,7.95967472116312e-16,9,5.2458000000000005e-5,true,7.838921408419629e-7,mgh25,10,12,1.9621416850040496,1.09927558125e6,1.09927558125e6
LM-QRChol-scaled,true,false,1.0371065817419802e-14,9,6.2958e-5,true,2.8295693684814622e-6,mgh25,10,12,1.9621416797043678,1.09927558125e6,1.09927558125e6
LM-QR-scaled,true,false,1.0371063771996896e-14,9,7.854200000000001e-5,true,2.8295690894519785e-6,mgh25,10,12,1.962141679704368,1.09927558125e6,1.09927558125e6
LM-QRChol,true,false,1.3975280714260714e-5,23,0.0003305,true,1.2262051337171734e-7,mgh26,10,10,0.16018194270870473,0.0035378797331114178,0.003523904452397157
LM-QR,true,false,1.397528071425585e-5,23,0.0008753750000000001,true,1.22620509823336e-7,mgh26,10,10,0.1601819427087047,0.0035378797331114178,0.003523904452397162
LM-QRChol-scaled,true,false,1.3975280615406064e-5,28,0.00042383300000000003,true,2.6631357253028888e-8,mgh26,10,10,0.16018287911841755,0.0035378797331114178,0.0035239044524960116
LM-QR-scaled,true,false,1.3975280615409477e-5,28,0.001189666,true,2.663135856402728e-8,mgh26,10,10,0.1601828791184118,0.0035378797331114178,0.003523904452496008
LM-QRChol,true,false,1.6708450063652e-11,2,2.0666000000000002e-5,true,1.8280194854973334e-5,mgh27,10,10,1.5811370037755588,136.62402391433716,136.62402391432045
LM-QR,true,false,1.6708450116278824e-11,2,5.8916e-5,true,1.828019497644782e-5,mgh27,10,10,1.581137003775556,136.62402391433716,136.62402391432045
LM-QRChol-scaled,true,false,2.4041916731485748e-11,3,2.7708000000000003e-5,true,2.2004441547757763e-5,mgh27,10,10,1.6021021909714535,136.62402391433716,136.6240239143131
LM-QR-scaled,true,false,2.4041916727636466e-11,3,6.5375e-5,true,2.2004441490379453e-5,mgh27,10,10,1.6021021909714557,136.62402391433716,136.6240239143131
LM-QRChol,true,true,4.835798353678386e-16,2,2.0458e-5,true,6.191426821079518e-9,mgh28,10,10,0.20362896185257567,0.00039425955063241,0.00039425955063192644
LM-QR,true,true,4.835798353678386e-16,2,1.9584e-5,true,6.191426821079518e-9,mgh28,10,10,0.20362896185257567,0.00039425955063241,0.00039425955063192644
LM-QRChol-scaled,true,true,4.835798353678386e-16,2,2.1125000000000002e-5,true,6.191426821079518e-9,mgh28,10,10,0.20362896185257567,0.00039425955063241,0.00039425955063192644
LM-QR-scaled,true,true,4.835798353678386e-16,2,1.9916e-5,true,6.191426821079518e-9,mgh28,10,10,0.20362896185257567,0.00039425955063241,0.00039425955063192644
LM-QRChol,true,false,6.938403589615904e-14,2,5.0167e-5,true,4.785958807998334e-7,mgh29,10,10,0.2036289618525757,0.03170842078972631,0.03170842078965693
LM-QR,true,false,6.938403589615904e-14,2,4.9125e-5,true,4.785958807998334e-7,mgh29,10,10,0.2036289618525757,0.03170842078972631,0.03170842078965693
LM-QRChol-scaled,true,false,6.938403589615904e-14,2,5.0625000000000004e-5,true,4.785958807998334e-7,mgh29,10,10,0.2036289618525757,0.03170842078972631,0.03170842078965693
LM-QR-scaled,true,false,6.938403589615904e-14,2,4.9417000000000005e-5,true,4.785958807998334e-7,mgh29,10,10,0.2036289618525757,0.03170842078972631,0.03170842078965693
LM-QRChol,true,false,4.2132825070654436e-9,3,2.4792000000000003e-5,true,0.00028220290590566586,mgh30,10,10,1.1607932061697483,10.5,10.499999995786718
LM-QR,true,false,4.2132825070654436e-9,3,2.3416e-5,true,0.00028220290590566586,mgh30,10,10,1.1607932061697483,10.5,10.499999995786718
LM-QRChol-scaled,true,false,4.2132825070654436e-9,3,2.5583000000000002e-5,true,0.00028220290590566586,mgh30,10,10,1.1607932061697483,10.5,10.499999995786718
LM-QR-scaled,true,false,4.2132825070654436e-9,3,2.4e-5,true,0.00028220290590566586,mgh30,10,10,1.1607932061697483,10.5,10.499999995786718
LM-QRChol,true,false,1.1977933744256522e-16,5,5.4417000000000004e-5,true,9.19620349687465e-8,mgh31,10,10,1.3907558545029544,180.0,180.0
LM-QR,true,false,1.1977933744256522e-16,5,5.1958000000000006e-5,true,9.19620349687465e-8,mgh31,10,10,1.3907558545029544,180.0,180.0
LM-QRChol-scaled,true,false,1.1977933744256522e-16,5,5.5667e-5,true,9.19620349687465e-8,mgh31,10,10,1.3907558545029544,180.0,180.0
LM-QR-scaled,true,false,1.1977933744256522e-16,5,5.325e-5,true,9.19620349687465e-8,mgh31,10,10,1.3907558545029544,180.0,180.0
LM-QRChol,true,true,5.000000000000002,2,1.7708e-5,true,1.1644117316690922e-15,mgh32,10,20,6.324555320336759,25.0,20.0
LM-QR,true,true,4.999999999999999,2,3.1333e-5,true,1.1905815549843721e-15,mgh32,10,20,6.324555320336759,25.0,20.0
LM-QRChol-scaled,true,true,5.000000000000002,2,1.8542e-5,true,1.1644117316690922e-15,mgh32,10,20,6.324555320336759,25.0,20.0
LM-QR-scaled,true,true,4.999999999999999,2,3.2250000000000005e-5,true,1.1905815549843721e-15,mgh32,10,20,6.324555320336759,25.0,20.0
LM-QRChol,true,true,2.3170731707317196,1,1.0041000000000001e-5,true,4.2743990344120074e-10,mgh33,10,20,2.7993304271159336,4.329335e6,4.329332682926829e6
LM-QR,true,true,2.3170731707317196,1,9.5e-6,true,4.2743990344120074e-10,mgh33,10,20,2.7993304271159336,4.329335e6,4.329332682926829e6
LM-QRChol-scaled,false,false,Inf,0,Inf,false,Inf,mgh33,10,20,NaN,4.329335e6,-Inf
LM-QR-scaled,true,true,2.31707317073178,1,9.575000000000001e-5,true,1.2520280296997998e-9,mgh33,10,20,11.599898852487106,4.329335e6,4.329332682926829e6
LM-QRChol,true,true,3.067567567567561,1,8.486000000000001e-6,true,3.946760319662341e-10,mgh34,10,20,2.6061083710337987,2.033998e6,2.0339949324324324e6
LM-QR,true,true,3.067567567567561,1,7.625000000000001e-6,true,3.946760319662341e-10,mgh34,10,20,2.6061083710337987,2.033998e6,2.0339949324324324e6
LM-QRChol-scaled,false,false,Inf,0,Inf,false,Inf,mgh34,10,20,NaN,2.033998e6,-Inf
LM-QR-scaled,true,true,3.067567567567537,1,9.191700000000001e-5,true,1.1352809823289081e-11,mgh34,10,20,5.985339119013048,2.033998e6,2.0339949324324324e6
LM-QRChol,true,true,0.0,24,6.3625e-5,true,0.0,nls_rosenbrock,2,2,2.2,12.099999999999998,12.099999999999998
LM-QR,true,true,0.0,24,0.00011658400000000001,true,0.0,nls_rosenbrock,2,2,2.2,12.099999999999998,12.099999999999998
LM-QRChol-scaled,true,true,0.0,12,3.3166e-5,true,0.0,nls_rosenbrock,2,2,2.2,12.099999999999998,12.099999999999998
LM-QR-scaled,true,true,0.0,12,5.7583e-5,true,0.0,nls_rosenbrock,2,2,2.2,12.099999999999998,12.099999999999998
LM-QRChol,true,true,0.0,1,1.6760000000000001e-6,true,0.0,tp201,2,2,4.242640687119285,22.5,22.5
LM-QR,true,true,0.0,1,1.5795454545454547e-6,true,0.0,tp201,2,2,4.242640687119285,22.5,22.5
LM-QRChol-scaled,true,true,0.0,1,1.729166666666667e-6,true,0.0,tp201,2,2,4.242640687119285,22.5,22.5
LM-QR-scaled,true,true,0.0,1,1.6667142857142858e-6,true,0.0,tp201,2,2,4.242640687119285,22.5,22.5
LM-QRChol,true,false,24.492127449663062,17,4.9125e-5,true,0.02086054948422034,tp202,2,2,3.752297051055467,628.0,603.507872550337
LM-QR,true,false,24.492127449663066,17,8.7291e-5,true,0.0208605494842345,tp202,2,2,3.752297051055462,628.0,603.507872550337
LM-QRChol-scaled,true,false,24.492126933007953,16,4.6125e-5,true,0.005217878843298459,tp202,2,2,3.753541068791004,628.0,603.507873066992
LM-QR-scaled,true,false,24.49212693300796,16,8.1667e-5,true,0.005217878843197128,tp202,2,2,3.753541068790997,628.0,603.507873066992
LM-QRChol,true,false,9.185384241522499e-17,4,1.0083e-5,true,6.645754222074402e-8,tp203,2,3,1.0440306462847886,0.26489050000000003,0.2648904999999999
LM-QR,true,false,9.185384241522499e-17,4,9.333e-6,true,6.645754222074402e-8,tp203,2,3,1.0440306462847886,0.26489050000000003,0.2648904999999999
LM-QRChol-scaled,true,false,9.185384241522499e-17,4,1.0396e-5,true,6.645754222074402e-8,tp203,2,3,1.0440306462847886,0.26489050000000003,0.2648904999999999
LM-QR-scaled,true,false,9.185384241522499e-17,4,9.541e-6,true,6.645754222074402e-8,tp203,2,3,1.0440306462847886,0.26489050000000003,0.2648904999999999
LM-QRChol,true,false,0.09180060122744915,23,8.6167e-5,true,5.216365071000479e-5,tp204,2,3,0.1414197994216088,0.17700048708268049,0.08519988585523133
LM-QR,true,false,0.09180060122744915,23,0.000137125,true,5.216365070996932e-5,tp204,2,3,0.1414197994216088,0.17700048708268049,0.08519988585523133
LM-QRChol-scaled,true,false,0.09180060582714765,19,7.7209e-5,true,0.00026005629407434175,tp204,2,3,0.14146146416663755,0.17700048708268049,0.08519988125553284
LM-QR-scaled,true,false,0.09180060582714764,19,0.00013475,true,0.00026005629407408875,tp204,2,3,0.14146146416663752,0.17700048708268049,0.08519988125553285
LM-QRChol,true,false,2.2056144017291594e-14,7,2.0458e-5,true,1.0205556618485439e-6,tp205,2,3,3.041381159364631,7.1015625,7.101562499999978
LM-QR,true,false,2.2056143879278952e-14,7,2.7666000000000002e-5,true,1.0205556587376362e-6,tp205,2,3,3.0413811593646316,7.1015625,7.101562499999978
LM-QRChol-scaled,true,false,5.041118114128895e-14,6,1.7833e-5,true,1.5713414416935533e-6,tp205,2,3,3.0413812620991028,7.1015625,7.101562499999949
LM-QR-scaled,true,false,5.041118114128895e-14,6,2.1583e-5,true,1.5713414416935533e-6,tp205,2,3,3.0413812620991028,7.1015625,7.101562499999949
LM-QRChol,true,true,0.0,3,8.4585e-6,true,0.0,tp206,2,2,2.2,242.0968,242.0968
LM-QR,true,true,0.0,3,1.3000000000000001e-5,true,0.0,tp206,2,2,2.2,242.0968,242.0968
LM-QRChol-scaled,true,true,0.0,3,7.395500000000001e-6,true,0.0,tp206,2,2,2.2,242.0968,242.0968
LM-QR-scaled,true,true,0.0,3,9.854000000000001e-6,true,0.0,tp206,2,2,2.2,242.0968,242.0968
LM-QRChol,true,true,0.0,5,1.1542e-5,true,0.0,tp207,2,2,2.2,2.5168,2.5168
LM-QR,true,true,0.0,5,1.6958000000000003e-5,true,0.0,tp207,2,2,2.2,2.5168,2.5168
LM-QRChol-scaled,true,true,3.0814879110195774e-32,3,7.458500000000001e-6,true,5.978733960281817e-16,tp207,2,2,2.1999999999999997,2.5168,2.5168
LM-QR-scaled,true,true,1.232595164407831e-32,3,9.833e-6,true,1.570092458683775e-16,tp207,2,2,2.1999999999999997,2.5168,2.5168
LM-QRChol,true,true,0.0,24,6.375e-5,true,0.0,tp208,2,2,2.2,12.099999999999998,12.099999999999998
LM-QR,true,true,0.0,24,0.00011620800000000001,true,0.0,tp208,2,2,2.2,12.099999999999998,12.099999999999998
LM-QRChol-scaled,true,true,0.0,12,3.3083e-5,true,0.0,tp208,2,2,2.2,12.099999999999998,12.099999999999998
LM-QR-scaled,true,true,0.0,12,5.7416e-5,true,0.0,tp208,2,2,2.2,12.099999999999998,12.099999999999998
LM-QRChol,true,true,0.0,52,0.000128875,true,0.0,tp209,2,2,2.2,970.4199999999996,970.4199999999996
LM-QR,true,true,0.0,52,0.00021875,true,0.0,tp209,2,2,2.2,970.4199999999996,970.4199999999996
LM-QRChol-scaled,true,true,0.0,68,0.00017366700000000002,true,0.0,tp209,2,2,2.2,970.4199999999996,970.4199999999996
LM-QR-scaled,true,true,0.0,68,0.000302292,true,0.0,tp209,2,2,2.2,970.4199999999996,970.4199999999996
LM-QRChol,true,true,0.0,233,0.0005585420000000001,true,0.0,tp210,2,2,2.2,96802.41999999997,96802.41999999997
LM-QR,true,true,0.0,233,0.0009443330000000001,true,0.0,tp210,2,2,2.2,96802.41999999997,96802.41999999997
LM-QRChol-scaled,true,false,2.428888025732638e-10,233,0.0005738340000000001,true,0.049283750118397425,tp210,2,2,2.2,96802.41999999997,96802.41999999972
LM-QR-scaled,true,false,2.428906011009084e-10,233,0.0009595000000000001,true,0.04928393258465769,tp210,2,2,2.2,96802.41999999997,96802.41999999972
LM-QRChol,true,true,0.0,28,7.254100000000001e-5,true,0.0,tp211,2,2,2.2,374.51919999999996,374.51919999999996
LM-QR,true,true,0.0,28,0.000131084,true,0.0,tp211,2,2,2.2,374.51919999999996,374.51919999999996
LM-QRChol-scaled,true,true,0.0,17,4.6e-5,true,0.0,tp211,2,2,2.2,374.51919999999996,374.51919999999996
LM-QR-scaled,true,true,0.0,17,8.1667e-5,true,0.0,tp211,2,2,2.2,374.51919999999996,374.51919999999996
LM-QRChol,true,true,0.0,1,2.979166666666667e-6,true,0.0,tp212,2,2,2.0,50.0,50.0
LM-QR,true,true,0.0,1,2.875e-6,true,0.0,tp212,2,2,2.0,50.0,50.0
LM-QRChol-scaled,true,true,0.0,1,3.0178571428571432e-6,true,0.0,tp212,2,2,2.0,50.0,50.0
LM-QR-scaled,true,true,0.0,1,2.916714285714286e-6,true,0.0,tp212,2,2,2.0,50.0,50.0
LM-QRChol,true,false,6.507214547914943e-9,43,0.000110792,true,6.28177882999288e-7,tp213,2,1,1.899593926960195,1.874048e6,1.8740479999999935e6
LM-QR,true,false,6.507214589740522e-9,43,0.000136791,true,6.281778928976119e-7,tp213,2,1,1.8995939269004745,1.874048e6,1.8740479999999935e6
LM-QRChol-scaled,true,false,9.441705766058748e-9,48,0.000130333,true,7.03622008067408e-7,tp213,2,1,1.9007581069190451,1.874048e6,1.8740479999999905e6
LM-QR-scaled,true,false,9.441705766073457e-9,48,0.00017095900000000001,true,7.036220080636139e-7,tp213,2,1,1.9007581069189532,1.874048e6,1.8740479999999905e6
LM-QRChol,true,true,1.765076275432014e-29,1,2.1875000000000002e-6,true,1.1190695630917482e-14,tp240,3,3,100.03624343206816,14863.375,14863.375
LM-QR,true,true,1.765076275432014e-29,1,2.1130000000000004e-6,true,1.1190695630917482e-14,tp240,3,3,100.03624343206816,14863.375,14863.375
LM-QRChol-scaled,true,true,1.765076275432014e-29,1,2.2638333333333332e-6,true,1.1190695630917482e-14,tp240,3,3,100.03624343206816,14863.375,14863.375
LM-QR-scaled,true,true,1.765076275432014e-29,1,2.1845714285714287e-6,true,1.1190695630917482e-14,tp240,3,3,100.03624343206816,14863.375,14863.375
LM-QRChol,true,false,4.457289062949562e-18,13,5.1875e-5,true,1.8268934721691613e-7,tp241,3,5,2.4494897426809894,314.5,314.5
LM-QR,true,false,4.4572678484265265e-18,13,9.0666e-5,true,1.826889109242349e-7,tp241,3,5,2.449489742680989,314.5,314.5
LM-QRChol-scaled,true,false,6.150554074124403e-13,12,4.7375e-5,true,6.784715022628423e-5,tp241,3,5,2.4494897004147353,314.5,314.4999999999994
LM-QR-scaled,true,false,6.150554074124403e-13,12,7.9583e-5,true,6.784715022628423e-5,tp241,3,5,2.4494897004147353,314.5,314.4999999999994
LM-QRChol,true,false,1.0455063464716037e-10,4,2.8250000000000002e-5,true,2.0764277767893284e-5,tp245,3,10,19.026284634271928,515.5769053046992,515.5769053045946
LM-QR,true,false,1.0455063464716037e-10,4,2.7625e-5,true,2.0764277767893284e-5,tp245,3,10,19.026284634271928,515.5769053046992,515.5769053045946
LM-QRChol-scaled,true,false,1.0455063464716037e-10,4,2.8875e-5,true,2.0764277767893284e-5,tp245,3,10,19.026284634271928,515.5769053046992,515.5769053045946
LM-QR-scaled,true,false,1.0455063464716037e-10,4,2.8000000000000003e-5,true,2.0764277767893284e-5,tp245,3,10,19.026284634271928,515.5769053046992,515.5769053045946
LM-QRChol,true,true,6.224605580259546e-31,5,1.4167e-5,true,1.9165742483534982e-14,tp246,3,3,2.6153393661244038,4.2,4.2
LM-QR,true,true,2.465190328815662e-30,5,2.5375e-5,true,3.845925372767128e-14,tp246,3,3,2.6153393661244047,4.2,4.2
LM-QRChol-scaled,true,true,0.0,3,8.833e-6,true,0.0,tp246,3,3,2.615339366124404,4.2,4.2
LM-QR-scaled,true,true,0.0,3,1.3041000000000001e-5,true,0.0,tp246,3,3,2.615339366124404,4.2,4.2
LM-QRChol,true,false,1.1714291758835328e-9,9,2.4833e-5,true,1.6862031805419638e-6,tp256,4,4,3.3120541976631594,107.50000000000001,107.49999999882859
LM-QR,true,false,1.1714291758835328e-9,9,2.275e-5,true,1.6862031805419638e-6,tp256,4,4,3.3120541976631594,107.50000000000001,107.49999999882859
LM-QRChol-scaled,true,false,1.1714291758835328e-9,9,2.5791e-5,true,1.6862031805419638e-6,tp256,4,4,3.3120541976631594,107.50000000000001,107.49999999882859
LM-QR-scaled,true,false,1.1714291758835328e-9,9,2.3500000000000002e-5,true,1.6862031805419638e-6,tp256,4,4,3.3120541976631594,107.50000000000001,107.49999999882859
LM-QRChol,true,false,4.658047072476697e-16,70,0.00024012500000000002,true,6.511809652015232e-7,tp260,4,7,6.324555321555102,9596.0,9596.0
LM-QR,true,false,4.658047072476697e-16,70,0.000395,true,6.511809652015232e-7,tp260,4,7,6.324555321555102,9596.0,9596.0
LM-QRChol-scaled,true,false,1.4425824579942652e-18,65,0.000222334,true,3.667345140211867e-8,tp260,4,7,6.324555320411542,9596.0,9596.0
LM-QR-scaled,true,false,1.4425809615546837e-18,65,0.000330875,true,3.66734329911575e-8,tp260,4,7,6.324555320411542,9596.0,9596.0
LM-QRChol,true,false,9.267096163724378e-9,9,3.7458e-5,true,3.5551528158990923e-6,tp261,4,5,1.73038446209403,1.0,0.9999999907329038
LM-QR,true,false,9.267096163724378e-9,9,6.741700000000001e-5,true,3.5551528158990923e-6,tp261,4,5,1.73038446209403,1.0,0.9999999907329038
LM-QRChol-scaled,true,false,6.268767071267726e-10,9,3.8583e-5,true,5.783574387477799e-7,tp261,4,5,1.7288513637359808,1.0,0.9999999993731233
LM-QR-scaled,true,false,6.268767071267726e-10,9,6.3458e-5,true,5.783574387477799e-7,tp261,4,5,1.7288513637359808,1.0,0.9999999993731233
LM-QRChol,true,false,0.5000001174744021,9,0.00014525,true,8.52417476370523e-5,tp266,5,10,0.22360948364081074,0.6667079434222745,0.16670782594787237
LM-QR,true,false,0.5000001174744021,9,0.00017312500000000002,true,8.524174763671991e-5,tp266,5,10,0.22360948364081074,0.6667079434222745,0.16670782594787237
LM-QRChol-scaled,true,false,0.5000001157201829,15,0.00023950000000000002,true,1.2711271588401263e-5,tp266,5,10,0.22360727979712103,0.6667079434222745,0.16670782770209158
LM-QR-scaled,true,false,0.5000001157201828,15,0.00030241700000000003,true,1.2711271588123319e-5,tp266,5,10,0.22360727979712108,0.6667079434222745,0.1667078277020917
LM-QRChol,true,false,1.772039803266902e-13,11,0.00011004100000000001,true,1.3179991322455302e-6,tp267,5,11,8.888194519764367,1.1483942770375843,1.1483942770374072
LM-QR,true,false,1.7720398043209187e-13,11,0.000217583,true,1.3179991328442078e-6,tp267,5,11,8.888194519764374,1.1483942770375843,1.1483942770374072
LM-QRChol-scaled,true,false,0.0013249939073624087,66,0.000632625,true,4.722223433643221e-7,tp267,5,11,14.615534442242575,1.1483942770375843,1.1470692831302218
LM-QR-scaled,true,false,0.001324993907362406,66,0.001180125,true,4.72222342970934e-7,tp267,5,11,14.61553444224257,1.1483942770375843,1.1470692831302218
LM-QRChol,true,true,0.0,2,6.625e-6,true,0.0,tp271,6,6,2.449489742783178,375.0,375.0
LM-QR,true,true,0.0,2,1.6167e-5,true,0.0,tp271,6,6,2.449489742783178,375.0,375.0
LM-QRChol-scaled,true,true,0.0,5,1.6333e-5,true,0.0,tp271,6,6,2.449489742783178,375.0,375.0
LM-QR-scaled,true,true,0.0,5,4.2333e-5,true,0.0,tp271,6,6,2.449489742783178,375.0,375.0
LM-QRChol,true,false,7.529601117247318e-9,62,0.000723125,true,0.0001813552191351313,tp272,6,13,9.645656483713777,0.3895350378279851,0.389535030298384
LM-QR,true,false,9.826307044340257e-9,78,0.0018924170000000002,true,0.0002896487879479297,tp272,6,13,9.64338086515103,0.3895350378279851,0.38953502800167805
LM-QRChol-scaled,true,false,3.718768892211309e-15,43,0.0005105,true,1.9744298852355274e-7,tp272,6,13,9.643650722882787,0.3895350378279851,0.3895350378279814
LM-QR-scaled,true,false,3.7123674108178055e-15,43,0.001104208,true,1.9727320993454187e-7,tp272,6,13,9.643650722915778,0.3895350378279851,0.3895350378279814
LM-QRChol,true,false,2.0808338702245132e-13,7,3.1709000000000004e-5,true,7.190273696144373e-6,tp273,6,7,2.4494896845968324,28500.0,28500.0
LM-QR,true,false,2.0808338702245132e-13,7,4.0125e-5,true,7.190273696144373e-6,tp273,6,7,2.4494896845968324,28500.0,28500.0
LM-QRChol-scaled,true,false,6.041802891006232e-10,12,6.2125e-5,true,0.00040031250771375797,tp273,6,7,2.4494867450916877,28500.0,28499.999999999396
LM-QR-scaled,true,false,6.041802891006232e-10,12,0.00011554200000000001,true,0.00040031250771375797,tp273,6,7,2.4494867450916877,28500.0,28499.999999999396
LM-QRChol,true,false,2.7967281803407456e-17,58,0.000567041,true,4.639592725698688e-8,tp282,10,11,3.720215048413648,96.232,96.232
LM-QR,true,false,2.7967281803407456e-17,58,0.001673959,true,4.639592725698688e-8,tp282,10,11,3.720215048413648,96.232,96.232
LM-QRChol-scaled,true,false,8.050435979220621e-15,44,0.00045375000000000005,true,9.645382602133586e-7,tp282,10,11,3.720215059220202,96.232,96.23199999999999
LM-QR-scaled,true,false,8.050435979220621e-15,44,0.0013202910000000001,true,9.645382602133586e-7,tp282,10,11,3.720215059220202,96.232,96.23199999999999
LM-QRChol,true,true,0.0,24,0.000407292,true,0.0,tp286,20,20,6.957010852370435,120.99999999999997,120.99999999999997
LM-QR,true,true,0.0,24,0.0014945000000000002,true,0.0,tp286,20,20,6.957010852370435,120.99999999999997,120.99999999999997
LM-QRChol-scaled,true,true,0.0,12,0.00021775,true,0.0,tp286,20,20,6.957010852370435,120.99999999999997,120.99999999999997
LM-QR-scaled,true,true,0.0,12,0.000713084,true,0.0,tp286,20,20,6.957010852370435,120.99999999999997,120.99999999999997
LM-QRChol,true,false,5.857145879417663e-9,9,0.00010945800000000001,true,3.7704649355669824e-6,tp288,20,20,7.40597833113835,537.5,537.4999999941429
LM-QR,true,false,5.857145879417663e-9,9,9.7416e-5,true,3.7704649355669824e-6,tp288,20,20,7.40597833113835,537.5,537.4999999941429
LM-QRChol-scaled,true,false,5.857145879417663e-9,9,0.00011675,true,3.7704649355669824e-6,tp288,20,20,7.40597833113835,537.5,537.4999999941429
LM-QR-scaled,true,false,5.857145879417663e-9,9,0.00010479200000000001,true,3.7704649355669824e-6,tp288,20,20,7.40597833113835,537.5,537.4999999941429
LM-QRChol,true,false,1.8151341179504961e-9,8,1.7333e-5,true,9.353712830111845e-7,tp290,2,1,1.4087355525631267,4.5,4.499999998184866
LM-QR,true,false,1.8151341179504961e-9,8,1.5916e-5,true,9.353712830111845e-7,tp290,2,1,1.4087355525631267,4.5,4.499999998184866
LM-QRChol-scaled,true,false,1.8151341179504961e-9,8,1.7875e-5,true,9.353712830111845e-7,tp290,2,1,1.4087355525631267,4.5,4.499999998184866
LM-QR-scaled,true,false,1.8151341179504961e-9,8,1.6125000000000002e-5,true,9.353712830111845e-7,tp290,2,1,1.4087355525631267,4.5,4.499999998184866
LM-QRChol,true,false,1.7399438853259513e-9,19,6.0875e-5,true,1.7269365556329836e-6,tp291,10,1,3.1606572305523364,1512.5,1512.4999999982601
LM-QR,true,false,1.7399438853259513e-9,19,5.2958000000000004e-5,true,1.7269365556329836e-6,tp291,10,1,3.1606572305523364,1512.5,1512.4999999982601
LM-QRChol-scaled,true,false,1.7399438853259513e-9,19,6.3792e-5,true,1.7269365556329836e-6,tp291,10,1,3.1606572305523364,1512.5,1512.4999999982601
LM-QR-scaled,true,false,1.7399438853259513e-9,19,5.6292e-5,true,1.7269365556329836e-6,tp291,10,1,3.1606572305523364,1512.5,1512.4999999982601
LM-QRChol,true,false,8.113082011571179e-9,70,0.001030792,true,4.4175800915486806e-6,tp292,30,1,5.475294214946433,108112.5,108112.49999999188
LM-QR,true,false,8.113082011571134e-9,70,0.003686125,true,4.417580091548684e-6,tp292,30,1,5.475294214946433,108112.5,108112.49999999188
LM-QRChol-scaled,false,false,Inf,0,Inf,false,Inf,tp292,30,1,NaN,108112.5,-Inf
LM-QR-scaled,true,false,7.427810762345545e-9,21,0.002339625,true,1.2504914300398415e-5,tp292,30,1,5.475327815956373,108112.5,108112.49999999258
LM-QRChol,true,false,9.800685106924642e-9,114,0.004042209000000001,true,5.587759200106853e-6,tp293,50,1,7.069372322299459,812812.5,812812.4999999902
LM-QR,true,false,9.800685106924516e-9,114,0.012837542,true,5.587759200106771e-6,tp293,50,1,7.069372322299459,812812.5,812812.4999999902
LM-QRChol-scaled,false,false,Inf,0,Inf,false,Inf,tp293,50,1,NaN,812812.5,-Inf
LM-QR-scaled,true,false,7.255121506401922e-9,22,0.0036546250000000003,true,9.029137553692496e-6,tp293,50,1,7.072028959228149,812812.5,812812.4999999928
LM-QRChol,true,false,1.7571404606823246e-15,27,0.00015254100000000002,true,8.220700542920605e-7,tp294,6,10,3.810511777548877,520.3,520.3
LM-QR,true,false,1.7571404606823246e-15,27,0.000410042,true,8.220700542920605e-7,tp294,6,10,3.810511777548877,520.3,520.3
LM-QRChol-scaled,true,false,1.848468573939313e-14,18,0.000118833,true,2.7847430924578783e-6,tp294,6,10,3.810511779015624,520.3,520.3
LM-QR-scaled,true,false,1.848468573939313e-14,18,0.000315584,true,2.7847430924578783e-6,tp294,6,10,3.810511779015624,520.3,520.3
LM-QRChol,true,false,1.1209445530778512e-9,35,0.00033975000000000005,true,0.0006484699186947231,tp295,10,18,4.919350259728455,1028.4999999999998,1028.4999999988788
LM-QR,true,false,1.1209445531051019e-9,35,0.0010345410000000001,true,0.0006484699187049621,tp295,10,18,4.919350259728455,1028.4999999999998,1028.4999999988788
LM-QRChol-scaled,true,false,3.8950407491582426e-13,37,0.000352166,true,1.2351057581243527e-5,tp295,10,18,4.9193495621385095,1028.4999999999998,1028.4999999999993
LM-QR-scaled,true,false,3.8950407491582426e-13,37,0.0010375410000000001,true,1.2351057581243527e-5,tp295,10,18,4.9193495621385095,1028.4999999999998,1028.4999999999993
LM-QRChol,true,false,7.414969540730133e-11,57,0.000960291,true,0.0001672242040644704,tp296,16,30,6.222539815854275,1790.8,1790.7999999999258
LM-QR,true,false,7.414969540730133e-11,57,0.0031295000000000003,true,0.0001672242040644704,tp296,16,30,6.222539815854275,1790.8,1790.7999999999258
LM-QRChol-scaled,true,false,1.4174942879075883e-16,50,0.0008763330000000001,true,2.530107947656971e-7,tp296,16,30,6.222539674572223,1790.8,1790.8
LM-QR-scaled,true,false,1.4174942879075883e-16,50,0.002786667,true,2.530107947656971e-7,tp296,16,30,6.222539674572223,1790.8,1790.8
LM-QRChol,true,false,4.767547255304405e-10,46,0.002153166,true,0.00042419882454692415,tp297,30,58,12.049896225847819,10176.099999999993,10176.099999999517
LM-QR,true,false,4.767547255479529e-10,46,0.005753125,true,0.00042419882455656043,tp297,30,58,12.049896225847819,10176.099999999993,10176.099999999517
LM-QRChol-scaled,true,false,1.0731893377642894e-18,79,0.003767916,true,2.1487254232524283e-8,tp297,30,58,12.049896265128284,10176.099999999993,10176.099999999993
LM-QR-scaled,true,false,1.0731893377642894e-18,79,0.013817500000000002,true,2.1487254232524283e-8,tp297,30,58,12.049896265128284,10176.099999999993,10176.099999999993
LM-QRChol,true,true,7.962717665504733e-25,71,0.010392708,true,1.832952582220052e-11,tp298,50,98,15.55634918610407,17194.099999999988,17194.099999999988
LM-QR,true,true,7.962717665504733e-25,71,0.024265875000000003,true,1.832952582220052e-11,tp298,50,98,15.55634918610407,17194.099999999988,17194.099999999988
LM-QRChol-scaled,true,false,1.3443069640145704e-11,86,0.012739667000000001,true,7.268206677413966e-5,tp298,50,98,15.55634917893713,17194.099999999988,17194.099999999973
LM-QR-scaled,true,false,1.3443069640145704e-11,86,0.034272416,true,7.268206677413966e-5,tp298,50,98,15.55634917893713,17194.099999999988,17194.099999999973
LM-QRChol,true,false,3.048190078569745e-13,125,0.074457458,true,1.0907733745387993e-5,tp299,100,198,21.9999999994221,34739.099999999984,34739.099999999984
LM-QR,true,false,3.048190078569745e-13,125,0.18295170800000002,true,1.0907733745387993e-5,tp299,100,198,21.9999999994221,34739.099999999984,34739.099999999984
LM-QRChol-scaled,true,true,1.929661907321148e-19,129,0.082389375,true,9.018690023443432e-9,tp299,100,198,22.000000000003165,34739.099999999984,34739.099999999984
LM-QR-scaled,true,true,1.929661907321148e-19,129,0.183539417,true,9.018690023443432e-9,tp299,100,198,22.000000000003165,34739.099999999984,34739.099999999984
LM-QRChol,true,false,6.223315007738557e-14,7,0.0001105,true,9.456692691487673e-6,tp303,20,22,0.44721358396341065,6132.75625,6132.75625
LM-QR,true,false,6.223315007738557e-14,7,0.000101292,true,9.456692691487673e-6,tp303,20,22,0.44721358396341065,6132.75625,6132.75625
LM-QRChol-scaled,true,false,6.223315007738557e-14,7,0.000116167,true,9.456692691487673e-6,tp303,20,22,0.44721358396341065,6132.75625,6132.75625
LM-QR-scaled,true,false,6.223315007738557e-14,7,0.000106916,true,9.456692691487673e-6,tp303,20,22,0.44721358396341065,6132.75625,6132.75625
LM-QRChol,true,false,7.556587210405969e-21,10,0.0009197500000000001,true,1.273571223676787e-8,tp304,50,52,0.7071067811855148,8.260334283203125e6,8.260334283203125e6
LM-QR,true,false,7.556587210405969e-21,10,0.0008235,true,1.273571223676787e-8,tp304,50,52,0.7071067811855148,8.260334283203125e6,8.260334283203125e6
LM-QRChol-scaled,true,false,7.556587210405969e-21,10,0.0009457920000000001,true,1.273571223676787e-8,tp304,50,52,0.7071067811855148,8.260334283203125e6,8.260334283203125e6
LM-QR-scaled,true,false,7.556587210405969e-21,10,0.0008511660000000001,true,1.273571223676787e-8,tp304,50,52,0.7071067811855148,8.260334283203125e6,8.260334283203125e6
LM-QRChol,true,false,3.731020752342611e-21,12,0.004393583,true,2.5123751666880213e-8,tp305,100,102,0.9999999999997423,2.03246158565625e9,2.03246158565625e9
LM-QR,true,false,3.731020752342611e-21,12,0.003967209,true,2.5123751666880213e-8,tp305,100,102,0.9999999999997423,2.03246158565625e9,2.03246158565625e9
LM-QRChol-scaled,true,false,3.731020752342611e-21,12,0.004547875000000001,true,2.5123751666880213e-8,tp305,100,102,0.9999999999997423,2.03246158565625e9,2.03246158565625e9
LM-QR-scaled,true,false,3.731020752342611e-21,12,0.004139041,true,2.5123751666880213e-8,tp305,100,102,0.9999999999997423,2.03246158565625e9,2.03246158565625e9
LM-QRChol,true,false,0.3865995306959072,26,7.0917e-5,true,0.00010825425616554113,tp308,2,3,2.9534020079063925,43.84302407279772,43.45642454210181
LM-QR,true,false,0.3865995306959072,26,6.4291e-5,true,0.00010825425616554113,tp308,2,3,2.9534020079063925,43.84302407279772,43.45642454210181
LM-QRChol-scaled,true,false,0.3865995309490893,30,7.1875e-5,true,0.00011371096638192313,tp308,2,3,2.9533995713060355,43.84302407279772,43.45642454184863
LM-QR-scaled,true,false,0.3865995309490893,30,7.708400000000001e-5,true,0.00011371096638192313,tp308,2,3,2.9533995713060355,43.84302407279772,43.45642454184863
LM-QRChol,true,false,4.2497230263827984e-10,4,9.833e-6,true,0.0001786686993771013,tp311,2,2,2.2360720091270365,53.0,52.999999999575024
LM-QR,true,false,4.2497230269004604e-10,4,1.2875000000000001e-5,true,0.0001786686993879048,tp311,2,2,2.2360720091270365,53.0,52.999999999575024
LM-QRChol-scaled,true,false,4.2497230263827984e-10,4,1.0166e-5,true,0.0001786686993771013,tp311,2,2,2.2360720091270365,53.0,52.999999999575024
LM-QR-scaled,true,false,4.2497230269004604e-10,4,1.3167000000000001e-5,true,0.0001786686993879048,tp311,2,2,2.2360720091270365,53.0,52.999999999575024
LM-QRChol,true,false,2.961281380992073,23,6.0750000000000006e-5,true,0.00023082389722961722,tp312,2,2,1.0145990087439642,1.6653845e6,1.665381538718619e6
LM-QR,true,false,2.961281380992072,23,0.00010479200000000001,true,0.00023082362462778657,tp312,2,2,1.0145990087515477,1.6653845e6,1.665381538718619e6
LM-QRChol-scaled,true,false,2.9612813836158383,22,5.8625e-5,true,0.0017665573722710898,tp312,2,2,1.0145814064348733,1.6653845e6,1.6653815387186164e6
LM-QR-scaled,true,false,2.9612813836158383,22,0.000101167,true,0.001766557639188681,tp312,2,2,1.014581406432771,1.6653845e6,1.6653815387186164e6
LM-QRChol,true,false,0.021635177019155582,6,2.8125000000000003e-5,true,4.0618082496946086e-5,tp333,3,8,59.955117762557286,17.00317717278122,16.981541995762065
LM-QR,true,false,0.021635177019155582,6,3.15e-5,true,4.0618082496946086e-5,tp333,3,8,59.955117762557286,17.00317717278122,16.981541995762065
LM-QRChol-scaled,true,false,0.021635177018814587,7,3.1333e-5,true,2.7767018620296833e-5,tp333,3,8,59.955024986379016,17.00317717278122,16.981541995762406
LM-QR-scaled,true,false,0.021635177018814587,7,2.9792000000000002e-5,true,2.7767018620296833e-5,tp333,3,8,59.955024986379016,17.00317717278122,16.981541995762406
LM-QRChol,true,true,0.004107438653290612,5,2.9250000000000003e-5,true,3.0358990804343524e-9,tp334,3,15,1.6325392442039472,20.840847930839004,20.836740492185715
LM-QR,true,true,0.004107438653290612,5,2.8041e-5,true,3.0358990804343524e-9,tp334,3,15,1.6325392442039472,20.840847930839004,20.836740492185715
LM-QRChol-scaled,true,true,0.004107438653290612,5,2.9833e-5,true,3.0358990804343524e-9,tp334,3,15,1.6325392442039472,20.840847930839004,20.836740492185715
LM-QR-scaled,true,true,0.004107438653290612,5,2.8542000000000002e-5,true,3.0358990804343524e-9,tp334,3,15,1.6325392442039472,20.840847930839004,20.836740492185715
LM-QRChol,true,false,0.0001537528028989595,19,0.000115334,true,1.3080697585902045e-7,tp350,4,11,0.4386928760680501,0.0026565861360542697,0.00250283333315531
LM-QR,true,false,0.0001537528028989603,19,0.00013925,true,1.3080697588163838e-7,tp350,4,11,0.4386928760680503,0.0026565861360542697,0.002502833333155309
LM-QRChol-scaled,true,false,0.00015375280258624622,20,0.00011850000000000001,true,1.0695215419420094e-7,tp350,4,11,0.43874207148151895,0.0026565861360542697,0.0025028333334680235
LM-QR-scaled,true,false,0.0001537528025862466,20,0.00013429200000000002,true,1.0695215419460855e-7,tp350,4,11,0.43874207148151834,0.0026565861360542697,0.002502833333468023
LM-QRChol,true,false,159.28587443304522,12,7.7916e-5,true,9.966485044548866e-5,tp351,4,7,3208.0389032680805,14526.50117831444,14367.215303881394
LM-QR,true,false,159.2858744330458,12,0.00011216600000000001,true,9.966485115026955e-5,tp351,4,7,3208.0389032680596,14526.50117831444,14367.215303881394
LM-QRChol-scaled,true,false,159.28587440652439,13,8.529200000000001e-5,true,5.2309532576980174e-5,tp351,4,7,214.6087703037392,14526.50117831444,14367.215303907915
LM-QR-scaled,true,false,159.28587440652413,13,0.00012775000000000002,true,5.230953247251895e-5,tp351,4,7,214.6087703037352,14526.50117831444,14367.215303907917
LM-QRChol,true,true,451.61716589820946,2,9.417e-6,true,6.073991129186356e-14,tp352,4,40,36.21537414059161,5651.900278734281,5200.283112836071
LM-QR,true,true,451.6171658982095,2,1.6916000000000002e-5,true,2.1485917185394778e-14,tp352,4,40,36.2153741405916,5651.900278734281,5200.283112836071
LM-QRChol-scaled,true,true,451.6171658982095,2,1.0459000000000001e-5,true,1.4245506936157285e-14,tp352,4,40,36.2153741405916,5651.900278734281,5200.283112836071
LM-QR-scaled,true,true,451.6171658982096,2,2.0541000000000002e-5,true,1.9329327209725145e-13,tp352,4,40,36.21537414059161,5651.900278734281,5200.283112836071
LM-QRChol,true,false,0.0011438350267862299,7,0.00035645800000000004,true,1.0376515260921949e-7,tp370,6,31,2.438373677066752,15.0,14.998856164973214
LM-QR,true,false,0.0011438350267862299,7,0.000355375,true,1.0376515260921949e-7,tp370,6,31,2.438373677066752,15.0,14.998856164973214
LM-QRChol-scaled,true,false,0.0011438350268224934,10,0.0005128330000000001,true,2.225695377035644e-7,tp370,6,31,2.4383756195722337,15.0,14.998856164973178
LM-QR-scaled,true,false,0.00114383502682247,10,0.000604,true,2.2256953909172698e-7,tp370,6,31,2.4383756195722297,15.0,14.998856164973178
LM-QRChol,true,true,6.998800690469782e-7,6,0.00048562500000000005,true,2.644294721677588e-11,tp371,9,31,6.059027822952245,15.0,14.999999300119931
LM-QR,true,true,6.998800690485618e-7,6,0.000584833,true,2.635777827078403e-11,tp371,9,31,6.0590278229489885,15.0,14.999999300119931
LM-QRChol-scaled,true,true,6.99880069046459e-7,9,0.000715833,true,7.581602444277067e-12,tp371,9,31,6.059027845299915,15.0,14.999999300119931
LM-QR-scaled,true,true,6.998800690464625e-7,9,0.000966625,true,7.661087537555472e-12,tp371,9,31,6.059027845300855,15.0,14.999999300119931
LM-QRChol,true,false,0.02006886814875934,14,0.000905084,true,8.905626130787024e-7,tp379,11,65,4.7552034040267905,1.0467097571060324,1.0266408889572731
LM-QR,true,false,0.020068868148759314,14,0.0011317500000000002,true,8.905626128059096e-7,tp379,11,65,4.7552034040267905,1.0467097571060324,1.0266408889572731
LM-QRChol-scaled,true,false,0.020068868149722408,14,0.0009521250000000001,true,6.323924716367827e-7,tp379,11,65,4.755217121969681,1.0467097571060324,1.0266408889563101
LM-QR-scaled,true,false,0.0200688681497224,14,0.001293209,true,6.323924716782784e-7,tp379,11,65,4.755217121969681,1.0467097571060324,1.0266408889563101
